<?xml version="1.0" encoding="UTF-8"?>
<beans xmlns="http://www.springframework.org/schema/beans"
	xmlns:xsi="http://www.w3.org/2001/XMLSchema-instance"
	xsi:schemaLocation="http://www.springframework.org/schema/beans https://www.springframework.org/schema/beans/spring-beans.xsd">
	
	<!-- Root Context: defines shared resources visible to all other web components -->
	
	<!-- <bean id="dao" class="com.mega.mvc05.MemberDAO"></bean> --> <!-- DAO에서 component로 사용시 없어도 됨 -->
	
	<bean id="a" class="com.mega.mvc05.car.AppleCar"> 
		<constructor-arg ref="winl"></constructor-arg>	
	</bean>
	<bean id="b" class="com.mega.mvc05.car.BananaCar">
		<constructor-arg ref="wink"></constructor-arg>	
	</bean>
	<!-- 싱클돈 객체를 만들어라. -->
	<bean id="wink" class="com.mega.mvc05.car.KCCWindow"></bean>
	<bean id="winl" class="com.mega.mvc05.car.LGWindow"></bean>
</beans>
<!-- singleton 객체(object) 생성만 담당하는 factory 역할 (= factory 기법) -->
<!-- 해당 context에서 factory역할을 하는 파일 : context 파일 -->
