<?xml version="1.0" encoding="UTF-8"?>
<beans xmlns="http://www.springframework.org/schema/beans"
	xmlns:xsi="http://www.w3.org/2001/XMLSchema-instance"
	xmlns:context="http://www.springframework.org/schema/context"
	xsi:schemaLocation="http://www.springframework.org/schema/beans http://www.springframework.org/schema/beans/spring-beans.xsd
		http://www.springframework.org/schema/context http://www.springframework.org/schema/context/spring-context-3.1.xsd">

	<context:property-placeholder
		location="classpath:db.properties" />
	
	<!-- bean의 순서는 중요하지 않다. 순서대로 실행하는건 아님? -->
	<bean id="myBatis" class="org.mybatis.spring.SqlSessionTemplate">
		<!-- 생성자는 순서 중요! -->
		<constructor-arg ref="factory"></constructor-arg>
	</bean>

	<bean id="factory"
		class="org.mybatis.spring.SqlSessionFactoryBean">
		<property name="configLocation" value="classpath:mybatisConfig2.xml"></property>
		<property name="dataSource" ref="dbcp"></property>
	</bean>
	
	<bean id="dbcp" class="org.apache.commons.dbcp.BasicDataSource"
		destroy-method="close">
		<property name="driverClassName" value="${jdbc.driver}"></property>
		<property name="url" value="${jdbc.url}"></property>
		<property name="username" value="${jdbc.user}"></property>
		<property name="password" value="${jdbc.password}"></property>
	</bean>

</beans>
