<?xml version="1.0" encoding="UTF-8" ?>
<!DOCTYPE mapper PUBLIC "-//mybatis.org//DTD Mapper 3.0//EN"
  "http://mybatis.org/dtd/mybatis-3-mapper.dtd">
<!-- CRUD와 ORM만 입력한다. -->
<mapper namespace="member">

	<select id="list" resultMap="rm">
		select * from "member"
	</select>

	<select id="select" parameterType="memberDTO" resultMap="rm"><!-- 같은 경우 resultType => "memberDTO" 다른 경우 resultMap 사용-->
	<!-- record의 항목 이름과 DTO의 변수 이름이 같으면 자동으로 매칭된다. resultType -->
		select * from "member" where id = #{id}
	</select>
	
	<!-- record의 항목과 dto의 멤버 변수가 다른 경우 -->
	<resultMap type="memberDTO" id="rm"><!-- map, list는 사용 불가 - 타입을 지칭하는 예약어 -->
		<!-- 일반적으로 동일하면 아래 result는 사용하지 않는다. 다를경우만 사용 -->
		<result property="id" column="id"/><!-- property = memberDTO.setId / column은 db의 이름 -->
		<result property="pw" column="pw"/>
		<result property="name" column="name"/>
		<result property="tel" column="tel"/>
	</resultMap>
	
	<insert id="insert" parameterType="memberDTO">
	<!-- parameterType = alias in Config/typeAliases -->
		insert into "member" values (#{id}, #{pw}, #{name}, #{tel})	
	</insert>
	
</mapper>
