<?xml version="1.0" encoding="UTF-8" ?>
<!DOCTYPE mapper PUBLIC "-//mybatis.org//DTD Mapper 3.0//EN"
  "http://mybatis.org/dtd/mybatis-3-mapper.dtd">

<mapper namespace="reply">

	<select id="all" resultMap="rm3" parameterType="replyDTO">
		select * from "Reply" where BBSNUM = #{bbsNum}
	</select>
	
	<resultMap type="replyDTO" id="rm3">
		<result property="id" column="ID"/>
		<result property="bbsNum" column="BBSNUM"/>
		<result property="content" column="CONTENT"/>
		<result property="writer" column="WRITER"/>
	</resultMap>
	
	<insert id="add" parameterType="replyDTO">
		insert into "Reply" values (#{id}, #{bbsNum}, #{content}, #{writer})
	</insert>
	<!-- autoincreament여서 values값이 없으면 NULL을 써준다. -->
	
</mapper>
